{"labels_3d": [0], "scores_3d": [0.11229416728019714], "bboxes_3d": [[1.9468944072723389, 31.501256942749023, -0.9694890379905701, 3.661358594894409, 1.6396639347076416, 1.5485087633132935, 0.4031022787094116]], "box_type_3d": "LiDAR"}